{"class_probs": {"no": 0.3333333333333333, "yes": 0.6666666666666666}, "probabilities": {"age": {"<=30": {"no": 0.3333333333333333, "yes": 0.16666666666666666}, "31...40": {"no": 0.0, "yes": 0.3333333333333333}, ">40": {"no": 0.6666666666666666, "yes": 0.5}}, "income": {"high": {"no": 0.3333333333333333, "yes": 0.16666666666666666}, "low": {"no": 0.3333333333333333, "yes": 0.3333333333333333}, "medium": {"no": 0.3333333333333333, "yes": 0.5}}, "student": {"no": {"no": 0.6666666666666666, "yes": 0.3333333333333333}, "yes": {"no": 0.3333333333333333, "yes": 0.6666666666666666}}, "credit_rating": {"excellent": {"no": 1.0, "yes": 0.3333333333333333}, "fair": {"no": 0.0, "yes": 0.6666666666666666}}}}